CAP,Reddito 0 - 10000 Frequenza,Reddito 0 - 10000 Media,Reddito 10000 - 15000 Frequenza,Reddito 10000 - 15000 Media,Reddito 15000 - 26000 Frequenza,Reddito 15000 - 26000 Media,Reddito 26000 - 55000 Frequenza,Reddito 26000 - 55000 Media,Reddito 55000 - 75000 Frequenza,Reddito 55000 - 75000 Media,Reddito 75000 - 120000 Frequenza,Reddito 75000 - 120000 Media,Reddito > 120000 Frequenza,Reddito > 120000 Media
20121,3232,3974.195545,1003,12462.34995,2071,20258.78175,2996,38278.43558,1097,64475.60893,1462,94401.61354,2387,478685.4122
20122,10383,4178.484831,2822,12389.1871,4226,20056.39115,5530,38127.61139,1963,64435.70301,2399,94133.49604,3313,386081.3049
20123,4999,3735.362272,1437,12447.64997,3240,20467.44784,5067,37998.1267,1783,64365.20415,2211,94541.63455,3081,367806.0782
20124,5518,4109.387822,1922,12510.61186,4346,20460.7584,6735,37858.81099,1988,64280.85362,2146,93813.73346,1956,309667.6483
20125,6993,4444.778493,2904,12456.70937,6475,20470.86564,8585,36698.08538,1756,63795.08428,1403,92097.3742,795,215548.7333
20126,3443,4398.246297,1593,12476.57502,3982,20566.39176,5363,36263.9752,890,63754.21798,653,91740.2925,294,201366.7279
20127,7776,4678.019033,3364,12428.14239,7106,20344.7025,7338,36178.34124,1126,63888.83837,830,92746.65783,422,212999.5379
20128,5019,4551.354652,2357,12482.27068,6184,20626.59799,6944,35728.67929,947,63460.21014,575,91391.64,307,197398.1498
20129,6819,4000.163807,2536,12497.15812,5738,20425.97578,9082,38042.97963,2876,64117.53547,3435,93558.81281,3359,286419.9312
20131,7204,4361.0794,2911,12495.3844,6226,20459.06376,8765,37152.62864,2048,63930.00146,1822,91930.17014,1105,228917.3158
20132,4815,4687.993769,2383,12507.45279,5369,20517.11399,5318,35623.55829,669,63701.75934,426,91375.33803,170,189609.9294
20133,6935,4277.712617,2799,12474.55484,6678,20545.18494,10049,37091.22579,2439,63932.81468,2169,92315.6556,1204,221578.6404
20134,3448,4169.422854,1417,12492.20677,3760,20629.00824,5193,36735.38841,891,63473.56341,580,91155.93966,270,192890.8074
20135,4872,4090.890189,1804,12511.30322,4504,20470.62589,7227,37698.06171,1989,63990.8175,2046,93036.62268,1707,250222.1564
20136,3029,4102.408055,1096,12553.81296,2486,20407.50161,3544,37245.68736,932,64038.96352,949,93505.05163,725,252977.6828
20137,4757,4607.596594,2061,12474.50849,4560,20383.56294,5559,36834.58931,1144,63730.01049,848,93153.40212,503,208795.9503
20138,5908,4632.723257,2907,12527.89749,7281,20514.08996,7439,35988.38634,969,63231.23117,604,91741.55629,265,198647.6604
20139,8694,4712.821601,4117,12479.97765,8813,20396.48338,9179,36121.19969,1426,63618.04839,1042,91888.40307,493,235332.6329
20141,8248,4461.926891,3536,12467.30571,7997,20466.11079,10296,36592.76894,1998,63571.13313,1429,92644.74248,876,204353.3025
20142,9951,4812.447191,4889,12528.14052,12043,20422.89072,11726,35647.95165,1450,63467.42414,904,92113.49115,356,214730.4466
20143,5333,4479.633977,2367,12488.09337,5509,20455.53803,6673,36787.54668,1363,63690.96478,1100,92380.55182,727,243994.0922
20144,5076,3909.995272,1823,12545.10587,4403,20567.78174,7330,37801.64256,2217,64211.65359,2305,93482.52538,2050,284093.5683
20145,2460,3869.55813,783,12482.12516,1805,20454.97175,3324,38552.20969,1301,64398.83397,1537,93743.35979,1988,359157.8737
20146,9543,4394.232736,4092,12501.47898,9738,20479.01674,13776,37032.88582,2958,63944.50068,2447,91990.19412,1583,231112.3178
20147,7035,4670.90462,3274,12483.69456,7517,20417.34908,8821,36590.66296,1474,63633.019,905,91914.95801,488,196787.3668
20148,6645,4603.104289,2983,12470.29869,6280,20262.24793,6968,36766.3054,1466,63915.20327,1217,92525.90058,820,219886.8012
20149,4349,4028.087146,1639,12546.16473,3812,20531.29643,6522,37725.49647,2061,63941.31732,2070,93338.07874,2027,318816.2215
20151,7334,4518.895691,3420,12514.88333,9658,20572.16691,11175,35878.13736,1459,63391.7087,1020,92132.39706,688,365317.3125
20152,6595,4768.35997,3649,12570.32968,9063,20496.07591,8204,35221.17248,901,63564.80244,499,91225.7515,181,184130.1768
20153,4896,4686.144404,2541,12580.94845,6526,20472.40362,6128,35349.33567,722,63366.69806,439,91528.53531,189,184503.9418
20154,5776,4297.526489,2153,12421.82536,4666,20450.59601,7497,37684.74977,2103,64018.45554,2030,92701.97537,1770,273055.4723
20155,4634,4560.512732,2052,12474.05945,4521,20432.99381,5500,36759.532,1007,63688.55909,779,92432.39923,395,207831.4734
20156,4353,4681.071215,2107,12450.84528,4399,20293.59241,4349,35683.16877,620,63116.36935,433,91304.71363,181,207007.5304
20157,7346,4920.57841,3637,12455.52323,7192,20252.94007,4831,34401.31505,416,62669.48317,201,91486.21393,80,173567.0875
20158,5886,4604.546041,2563,12483.15256,5839,20445.46823,6068,36049.30867,869,63335.36249,628,91236.74841,301,217920.0598
20159,6551,4625.336132,2810,12515.70676,6041,20461.32759,7626,36694.40309,1431,63609.3529,1111,91991.28983,634,232433.5268
20161,8946,4805.159513,4130,12507.72857,9972,20475.58544,9930,35485.51108,1158,63348.15371,788,90482.76269,341,209137.2845
20162,5533,4761.628231,2863,12536.07894,7385,20581.92458,7947,35784.89694,962,63540.18503,586,92014.35154,254,207076.6969
